#{"t_start": 1790194442.9674919, "env_id": "None"}
r,l,t,success,timeout,danger_visits,deadline
0.805494,183,5.681344,True,False,1,250
-1.271212,250,10.724838,False,True,1,250
-1.278499,250,16.615236,False,True,1,250
0.745016,243,22.640222,True,False,1,250
-1.422946,250,29.524886,False,True,1,250
-1.536343,250,36.829092,False,True,1,250
-1.283482,250,43.485683,False,True,1,250
-2.130978,250,50.68043,False,True,1,250
-1.289884,250,57.500016,False,True,1,250
-1.318169,250,66.919397,False,True,1,250
-1.304363,250,74.521808,False,True,1,250
-1.299124,250,83.574766,False,True,1,250
0.749902,239,91.195372,True,False,1,250
-1.287397,250,100.333744,False,True,0,250
0.748007,240,108.260798,True,False,1,250
0.768062,220,114.406834,True,False,1,250
0.759547,229,123.813201,True,False,1,250
0.781306,207,131.796531,True,False,1,250
0.756601,232,139.594745,True,False,1,250
0.781489,207,146.17643,True,False,1,250
-1.266467,250,157.702587,False,True,1,250
0.77956,209,165.406928,True,False,1,250
0.792591,196,173.820209,True,False,1,250
0.785276,203,182.227356,True,False,1,250
0.779617,209,191.422932,True,False,1,250
0.791291,197,200.166275,True,False,1,250
0.739015,249,210.681462,True,False,1,250
0.799923,189,217.891064,True,False,1,250
0.787877,201,226.485251,True,False,1,250
0.791051,197,235.211564,True,False,1,250
0.794783,194,243.891516,True,False,1,250
0.789141,199,252.461746,True,False,1,250
0.796996,192,261.312101,True,False,1,250
0.785757,203,269.94349,True,False,1,250
0.796623,192,278.4636,True,False,1,250
0.800304,188,286.560949,True,False,1,250
0.802039,186,294.855798,True,False,1,250
0.786453,202,304.216043,True,False,1,250
0.787133,201,312.76662,True,False,1,250
0.798091,190,321.108577,True,False,1,250
0.795351,193,330.168271,True,False,1,250
0.799838,189,337.717751,True,False,1,250
0.797069,191,346.072135,True,False,1,250
0.794089,195,355.041555,True,False,1,250
0.799475,189,363.549043,True,False,1,250
0.799142,189,372.276537,True,False,1,250
0.804796,184,380.811645,True,False,1,250
0.789667,199,388.363897,True,False,1,250
0.800416,188,397.058186,True,False,1,250
0.798645,190,404.652485,True,False,1,250
0.795683,193,413.25177,True,False,1,250
0.803649,185,421.904258,True,False,1,250
0.801133,188,430.175216,True,False,1,250
0.80268,186,439.108562,True,False,1,250
0.802731,186,447.609375,True,False,1,250
0.800012,188,455.885114,True,False,1,250
0.802467,186,464.965441,True,False,1,250
0.804681,184,473.5389,True,False,1,250
0.802782,186,481.86607,True,False,1,250
0.798373,190,491.001209,True,False,1,250
0.802608,186,499.513335,True,False,1,250
0.802687,186,507.890618,True,False,1,250
0.804733,184,513.350215,True,False,1,250
0.802693,186,517.207319,True,False,1,250
0.802937,186,529.288933,True,False,1,250
0.800475,188,543.189422,True,False,1,250
0.802506,186,548.759198,True,False,1,250
0.804305,184,556.084812,True,False,1,250
0.800672,188,567.226504,True,False,1,250
0.800345,188,577.593716,True,False,1,250
0.801835,187,585.041407,True,False,1,250
0.804278,184,587.673167,True,False,1,250
0.802073,186,592.195148,True,False,1,250
