#{"t_start": 1788895898.6282578, "env_id": "None"}
r,l,t,gate_state,belief_open,trial_return
-5.01,81,0.058629,open,0.5,-5.0100000000000025
-5.09,89,0.117874,open,0.5,-5.0900000000000025
-4.93,91,0.17843,closed,0.5,-4.930000000000002
-5.09,89,0.23818,open,0.5,-5.090000000000003
-4.89,89,0.296993,closed,0.5,-4.8900000000000015
-5.05,83,0.352701,open,0.5,-5.050000000000003
-4.85,85,0.408766,closed,0.5,-4.850000000000001
-5.11,87,0.466165,open,0.5,-5.110000000000002
-5.11,91,0.527304,open,0.5,-5.110000000000002
-4.85,85,0.583588,closed,0.5,-4.850000000000002
-5.11,91,0.645223,open,0.5,-5.110000000000002
-5.09,89,0.70405,open,0.5,-5.090000000000002
-5.05,85,0.760354,open,0.5,-5.050000000000002
-4.81,79,0.812695,closed,0.5,-4.810000000000001
-5.05,85,0.869195,open,0.5,-5.0500000000000025
-5.09,87,0.926861,open,0.5,-5.090000000000002
-4.81,81,0.980207,closed,0.5,-4.810000000000002
-5.07,87,1.037734,open,0.5,-5.070000000000003
-4.99,79,1.090142,open,0.5,-4.990000000000004
-4.89,89,1.149005,closed,0.5,-4.890000000000002
-5.05,85,1.205376,open,0.5,-5.050000000000004
-5.07,87,1.264767,open,0.5,-5.070000000000003
-5.07,87,1.32319,open,0.5,-5.070000000000002
-4.87,87,1.38088,closed,0.5,-4.870000000000001
-4.87,87,1.43833,closed,0.5,-4.870000000000003
-5.09,89,1.497413,open,0.5,-5.0900000000000025
-4.79,79,1.549774,closed,0.5,-4.790000000000002
-5.09,87,1.607309,open,0.5,-5.090000000000004
-5.07,85,1.663489,open,0.5,-5.070000000000002
-5.07,87,1.720966,open,0.5,-5.070000000000002
-4.77,77,1.771904,closed,0.5,-4.770000000000001
-5.03,83,1.828152,open,0.5,-5.030000000000004
-5.07,85,1.884626,open,0.5,-5.070000000000003
-4.81,81,1.938203,closed,0.5,-4.810000000000002
-5.09,89,1.997362,open,0.5,-5.0900000000000025
-5.15,93,2.058802,open,0.5,-5.150000000000002
-5.03,83,2.113625,open,0.5,-5.030000000000003
-5.11,91,2.173571,open,0.5,-5.110000000000005
-5.09,89,2.232531,open,0.5,-5.0900000000000025
-5.05,85,2.288973,open,0.5,-5.050000000000002
-4.89,87,2.347106,closed,0.5,-4.890000000000003
-5.05,83,2.401953,open,0.5,-5.050000000000004
-5.07,87,2.461055,open,0.5,-5.070000000000003
-5.05,85,2.517373,open,0.5,-5.0500000000000025
-4.91,83,2.572284,closed,0.5,-4.910000000000003
-4.85,85,2.628515,closed,0.5,-4.850000000000001
-5.11,89,2.687264,open,0.5,-5.110000000000003
-4.87,87,3.075358,closed,0.5,-4.870000000000004
-4.91,89,3.134219,closed,0.5,-4.910000000000003
-4.89,89,3.19291,closed,0.5,-4.8900000000000015
-5.05,83,3.24836,open,0.5,-5.050000000000003
-4.87,87,3.307471,closed,0.5,-4.870000000000002
-5.19,87,3.36526,open,0.5,-5.190000000000002
-5.11,91,3.425315,open,0.5,-5.110000000000004
-4.85,83,3.480108,closed,0.5,-4.850000000000001
-5.13,85,3.536191,open,0.5,-5.130000000000003
-4.91,89,3.594939,closed,0.5,-4.910000000000002
-4.87,81,3.650471,closed,0.5,-4.870000000000003
-5.11,81,3.704177,open,0.5,-5.110000000000002
-4.91,81,3.757908,closed,0.5,-4.910000000000002
-5.01,79,3.810468,open,0.5,-5.010000000000004
-4.83,81,3.864197,closed,0.5,-4.830000000000002
-5.15,85,3.920471,open,0.5,-5.150000000000005
-4.81,79,3.972749,closed,0.5,-4.810000000000001
-4.93,81,4.026839,closed,0.5,-4.930000000000003
-5.11,91,4.087093,open,0.5,-5.110000000000003
-4.95,89,4.145884,closed,0.5,-4.950000000000002
-5.07,85,4.201984,open,0.5,-5.070000000000003
-4.87,85,4.26023,closed,0.5,-4.870000000000002
-4.93,91,4.320505,closed,0.5,-4.930000000000002
-4.85,85,4.37657,closed,0.5,-4.850000000000002
-5.05,85,4.43293,open,0.5,-5.0500000000000025
-5.03,83,4.487735,open,0.5,-5.030000000000004
-5.03,81,4.541244,open,0.5,-5.030000000000002
-4.85,81,4.594766,closed,0.5,-4.850000000000002
-4.91,89,4.65363,closed,0.5,-4.910000000000003
-4.87,81,4.70726,closed,0.5,-4.870000000000003
-4.89,83,4.762357,closed,0.5,-4.890000000000002
-5.17,89,4.821748,open,0.5,-5.170000000000003
-5.07,85,4.879492,open,0.5,-5.070000000000006
-4.87,83,4.934627,closed,0.5,-4.870000000000002
-4.87,85,4.990728,closed,0.5,-4.870000000000002
-5.25,87,5.048213,open,0.5,-5.250000000000003
-4.95,83,5.103106,closed,0.5,-4.950000000000003
-4.83,83,5.157933,closed,0.5,-4.830000000000002
-5.05,83,5.212816,open,0.5,-5.050000000000003
-4.87,87,5.27035,closed,0.5,-4.870000000000002
-5.17,87,5.328125,open,0.5,-5.170000000000003
-5.15,85,5.384448,open,0.5,-5.150000000000003
-5.03,83,5.44108,open,0.5,-5.030000000000004
-5.13,89,5.499824,open,0.5,-5.1300000000000034
-5.07,85,5.556083,open,0.5,-5.070000000000003
-5.13,83,5.610883,open,0.5,-5.1300000000000034
-5.07,83,5.66584,open,0.5,-5.070000000000004
-5.15,85,5.721983,open,0.5,-5.150000000000001
-5.11,89,6.110465,open,0.5,-5.110000000000004
-4.81,79,6.163141,closed,0.5,-4.810000000000002
-4.85,85,6.219852,closed,0.5,-4.850000000000001
-5.05,85,6.276723,open,0.5,-5.050000000000002
-5.17,81,6.331506,open,0.5,-5.170000000000005
-5.09,85,6.388016,open,0.5,-5.090000000000003
-5.09,87,6.445796,open,0.5,-5.0900000000000025
-5.05,83,6.50095,open,0.5,-5.050000000000002
-4.81,81,6.55463,closed,0.5,-4.810000000000002
-4.91,89,6.613629,closed,0.5,-4.910000000000002
-5.03,83,6.670617,open,0.5,-5.030000000000002
-4.81,79,6.72315,closed,0.5,-4.810000000000001
-4.87,77,6.774295,closed,0.5,-4.870000000000002
-4.83,81,6.828293,closed,0.5,-4.830000000000002
-4.87,85,6.884631,closed,0.5,-4.870000000000002
-4.87,87,6.942357,closed,0.5,-4.870000000000001
-4.95,91,7.002571,closed,0.5,-4.950000000000003
-5.05,83,7.057643,closed,0.5,-5.050000000000003
-5.03,83,7.113517,open,0.5,-5.030000000000002
-4.85,85,7.170525,closed,0.5,-4.850000000000003
-5.11,91,7.232631,open,0.5,-5.110000000000004
-5.07,85,7.289505,open,0.5,-5.070000000000003
-5.11,89,7.34892,open,0.5,-5.110000000000003
-4.87,87,7.406647,closed,0.5,-4.870000000000002
-5.11,89,7.465721,open,0.5,-5.110000000000003
-4.89,89,7.524714,closed,0.5,-4.890000000000002
-4.85,85,7.581008,closed,0.5,-4.850000000000001
-5.09,89,7.640074,open,0.5,-5.0900000000000025
-4.93,93,7.70154,closed,0.5,-4.930000000000002
-4.85,83,7.756618,closed,0.5,-4.850000000000001
-4.87,87,7.814246,closed,0.5,-4.870000000000002
-4.97,87,7.873658,closed,0.5,-4.9700000000000015
-5.11,89,7.932667,open,0.5,-5.110000000000006
-4.93,85,7.989026,closed,0.5,-4.930000000000002
-5.03,81,8.042789,open,0.5,-5.030000000000005
-5.11,87,8.100518,open,0.5,-5.110000000000005
-5.07,87,8.158129,open,0.5,-5.070000000000001
-5.03,79,8.210611,open,0.5,-5.030000000000005
-5.03,83,8.266085,open,0.5,-5.030000000000002
-4.87,87,8.324556,closed,0.5,-4.870000000000001
-4.81,81,8.37833,closed,0.5,-4.810000000000002
-4.85,83,8.43523,closed,0.5,-4.850000000000001
-4.85,85,8.491636,closed,0.5,-4.850000000000001
-5.09,87,8.549332,open,0.5,-5.0900000000000025
-4.85,83,8.604397,closed,0.5,-4.850000000000002
-4.85,85,8.660762,closed,0.5,-4.850000000000002
-4.91,81,8.714959,closed,0.5,-4.910000000000003
-5.07,87,8.77278,open,0.5,-5.070000000000004
-4.85,85,8.829071,closed,0.5,-4.850000000000002
-5.05,83,9.213283,open,0.5,-5.0500000000000025
-4.83,83,9.268522,closed,0.5,-4.830000000000002
-5.09,89,9.327804,open,0.5,-5.090000000000004
-5.05,85,9.385323,open,0.5,-5.050000000000002
-5.07,85,9.441851,open,0.5,-5.070000000000004
-5.09,89,9.500922,open,0.5,-5.090000000000005
-4.89,89,9.560126,closed,0.5,-4.890000000000002
-5.09,87,9.61831,open,0.5,-5.090000000000003
-4.95,75,9.669613,open,0.5,-4.950000000000002
-5.07,85,9.726156,open,0.5,-5.070000000000004
-5.07,85,9.782507,open,0.5,-5.070000000000002
-5.09,87,9.840126,open,0.5,-5.0900000000000025
-4.91,83,9.895105,closed,0.5,-4.910000000000003
-5.05,85,9.951467,open,0.5,-5.05
-4.81,81,10.00519,closed,0.5,-4.810000000000001
-5.03,83,10.060283,open,0.5,-5.030000000000004
-4.83,83,10.115534,closed,0.5,-4.830000000000002
-4.77,77,10.167237,closed,0.5,-4.770000000000002
-4.85,85,10.224245,closed,0.5,-4.850000000000002
-4.83,83,10.280374,closed,0.5,-4.830000000000003
-4.89,89,10.339362,closed,0.5,-4.890000000000002
-5.05,85,10.395878,open,0.5,-5.0500000000000025
-5.13,91,10.456121,open,0.5,-5.130000000000004
-4.79,79,10.508485,closed,0.5,-4.790000000000002
-4.81,81,10.562572,closed,0.5,-4.810000000000002
-4.91,91,10.629108,closed,0.5,-4.910000000000002
-4.89,87,10.689003,closed,0.5,-4.890000000000002
-5.09,89,10.747945,open,0.5,-5.090000000000003
-4.85,85,10.804849,closed,0.5,-4.850000000000002
-4.85,85,10.862977,closed,0.5,-4.850000000000002
-4.87,87,10.921291,closed,0.5,-4.870000000000001
-5.07,87,10.987371,open,0.5,-5.070000000000002
-5.05,85,11.050535,open,0.5,-5.050000000000003
-5.03,81,11.109906,open,0.5,-5.030000000000004
-5.09,87,11.172823,open,0.5,-5.0900000000000025
-4.83,83,11.23329,closed,0.5,-4.830000000000002
-4.83,83,11.288321,closed,0.5,-4.830000000000002
-5.01,81,11.344542,open,0.5,-5.010000000000003
-4.81,81,11.399391,closed,0.5,-4.810000000000002
-5.09,89,11.460333,open,0.5,-5.090000000000002
-4.83,83,11.51596,closed,0.5,-4.830000000000002
-5.05,85,11.572528,open,0.5,-5.050000000000003
-5.01,81,11.626101,open,0.5,-5.0100000000000025
-4.85,83,11.681068,closed,0.5,-4.850000000000003
-5.03,83,11.736011,open,0.5,-5.030000000000003
-5.03,83,11.790972,open,0.5,-5.030000000000004
-4.83,83,11.846047,closed,0.5,-4.830000000000003
-5.09,83,11.901032,open,0.5,-5.090000000000004
-4.85,85,12.287973,closed,0.5,-4.850000000000001
-4.83,83,12.343403,closed,0.5,-4.830000000000003
-4.85,85,12.400131,closed,0.5,-4.850000000000001
-4.79,79,12.452808,closed,0.5,-4.790000000000003
-4.87,85,12.510507,closed,0.5,-4.870000000000001
-5.03,83,12.568966,open,0.5,-5.030000000000004
-5.03,81,12.623633,open,0.5,-5.030000000000002
-4.91,89,12.688614,closed,0.5,-4.910000000000002
-5.09,87,12.752665,open,0.5,-5.090000000000004
-5.03,83,12.814854,open,0.5,-5.030000000000004
-4.89,89,12.879566,closed,0.5,-4.890000000000002
-5.03,83,12.935784,open,0.5,-5.030000000000002
-5.09,89,12.996583,open,0.5,-5.090000000000002
-4.99,79,13.049566,open,0.5,-4.990000000000003
-4.89,89,13.113371,closed,0.5,-4.890000000000002
-5.05,85,13.174512,open,0.5,-5.050000000000004
-5.03,83,13.230724,open,0.5,-5.030000000000003
-5.03,83,13.286669,open,0.5,-5.030000000000002
-5.01,81,13.340974,open,0.5,-5.010000000000003
-5.07,87,13.398622,open,0.5,-5.070000000000005
-4.85,83,13.453924,closed,0.5,-4.850000000000002
-5.01,79,13.506373,open,0.5,-5.010000000000003
-4.99,81,13.560266,closed,0.5,-4.990000000000003
-4.93,93,13.621634,closed,0.5,-4.9300000000000015
-4.83,83,13.676484,closed,0.5,-4.830000000000002
-4.83,81,13.730376,closed,0.5,-4.830000000000002
-5.01,81,13.784262,open,0.5,-5.010000000000001
-4.83,83,13.839278,closed,0.5,-4.830000000000002
-4.89,89,13.897988,closed,0.5,-4.890000000000003
-5.07,79,13.950287,open,0.5,-5.070000000000004
-4.81,81,14.00457,closed,0.5,-4.810000000000002
-5.05,85,14.061888,open,0.5,-5.0500000000000025
-4.85,83,14.122587,closed,0.5,-4.850000000000001
-4.85,85,14.184737,closed,0.5,-4.850000000000001
-4.79,79,14.240113,closed,0.5,-4.790000000000002
-5.03,83,14.297166,open,0.5,-5.030000000000003
-5.07,87,14.356096,open,0.5,-5.070000000000004
-4.87,87,14.418497,closed,0.5,-4.870000000000002
-5.07,87,14.480863,open,0.5,-5.070000000000005
-4.91,91,14.541979,closed,0.5,-4.910000000000001
-4.87,87,14.599984,closed,0.5,-4.870000000000002
-4.85,85,14.656499,closed,0.5,-4.850000000000001
-4.77,77,14.707667,closed,0.5,-4.770000000000002
-4.89,89,14.771837,closed,0.5,-4.8900000000000015
-4.87,87,14.835302,closed,0.5,-4.870000000000002
-5.05,85,14.892227,open,0.5,-5.050000000000002
-4.89,89,14.951384,closed,0.5,-4.890000000000002
-5.05,85,15.007835,open,0.5,-5.0500000000000025
-4.91,89,15.071203,closed,0.5,-4.910000000000002
-5.05,85,15.469361,open,0.5,-5.050000000000003
-5.05,85,15.52586,open,0.5,-5.050000000000003
-4.85,85,15.582289,closed,0.5,-4.850000000000001
-4.89,87,15.640457,closed,0.5,-4.890000000000002
-5.01,81,15.700359,open,0.5,-5.0100000000000025
-4.87,87,15.761993,closed,0.5,-4.870000000000001
-4.87,87,15.820326,closed,0.5,-4.870000000000003
-4.93,93,15.882674,closed,0.5,-4.930000000000002
-5.09,89,15.941796,open,0.5,-5.090000000000004
-5.01,79,15.996755,open,0.5,-5.0100000000000025
-4.89,89,16.062671,closed,0.5,-4.890000000000002
-4.91,89,16.123314,closed,0.5,-4.910000000000002
-4.89,89,16.182524,closed,0.5,-4.890000000000002
-4.89,89,16.241743,closed,0.5,-4.890000000000002
-5.05,85,16.298943,open,0.5,-5.0500000000000025
-4.81,79,16.356624,closed,0.5,-4.810000000000001
-5.03,83,16.416985,open,0.5,-5.030000000000002
-5.03,83,16.472582,open,0.5,-5.030000000000003
-4.91,91,16.533297,closed,0.5,-4.910000000000003
-5.09,87,16.591194,open,0.5,-5.090000000000004
-4.83,83,16.649357,closed,0.5,-4.830000000000002
-4.99,79,16.708111,open,0.5,-4.990000000000003
-4.87,87,16.766903,closed,0.5,-4.870000000000002
-4.83,83,16.822095,closed,0.5,-4.830000000000001
-5.09,89,16.8814,open,0.5,-5.090000000000004
-4.87,87,16.93937,closed,0.5,-4.870000000000002
-4.85,85,17.001724,closed,0.5,-4.850000000000002
-5.05,85,17.062364,open,0.5,-5.050000000000003
-4.91,89,17.121318,closed,0.5,-4.910000000000001
-5.03,83,17.17658,open,0.5,-5.030000000000004
-4.89,87,17.234485,closed,0.5,-4.890000000000002
-5.09,89,17.29373,open,0.5,-5.0900000000000025
-4.87,87,17.352201,closed,0.5,-4.870000000000002
-5.07,87,17.410038,open,0.5,-5.070000000000003
-5.07,87,17.467989,open,0.5,-5.070000000000003
-5.07,85,17.524762,open,0.5,-5.070000000000003
-5.03,83,17.580151,open,0.5,-5.030000000000003
-5.11,91,17.644534,open,0.5,-5.110000000000002
-4.85,83,17.704511,closed,0.5,-4.850000000000002
-4.81,81,17.760738,closed,0.5,-4.810000000000002
-5.07,87,17.818482,open,0.5,-5.070000000000005
-4.81,81,17.87236,closed,0.5,-4.810000000000002
-4.83,83,17.92731,closed,0.5,-4.830000000000003
-5.01,81,17.981129,open,0.5,-5.0100000000000025
-5.13,91,18.041421,open,0.5,-5.1300000000000034
-4.83,83,18.096499,closed,0.5,-4.830000000000002
-4.81,81,18.15037,closed,0.5,-4.810000000000001
-4.85,85,18.206991,closed,0.5,-4.850000000000002
-5.05,85,18.591503,open,0.5,-5.050000000000005
-5.07,87,18.649048,open,0.5,-5.070000000000004
-5.03,83,18.704082,open,0.5,-5.030000000000002
-4.93,91,18.764189,closed,0.5,-4.930000000000001
-4.85,85,18.820536,closed,0.5,-4.850000000000003
-4.85,85,18.876827,closed,0.5,-4.850000000000002
-4.85,85,18.933219,closed,0.5,-4.850000000000002
-5.09,89,18.992067,open,0.5,-5.090000000000003
-5.11,87,19.049525,open,0.5,-5.110000000000003
-4.83,83,19.104428,closed,0.5,-4.830000000000002
-5.13,89,19.163318,open,0.5,-5.130000000000003
-5.01,79,19.215602,open,0.5,-5.010000000000003
-4.81,81,19.269236,closed,0.5,-4.810000000000002
-4.87,85,19.326072,closed,0.5,-4.870000000000002
-5.13,93,19.38755,open,0.5,-5.1300000000000034
-5.03,83,19.442475,open,0.5,-5.030000000000004
-5.07,87,19.500262,open,0.5,-5.070000000000004
-5.09,87,19.557915,open,0.5,-5.090000000000002
-4.91,87,19.615332,closed,0.5,-4.910000000000002
-4.79,79,19.667849,closed,0.5,-4.790000000000002
-5.05,85,19.724092,open,0.5,-5.050000000000003
-5.01,81,19.77771,open,0.5,-5.010000000000003
-5.09,89,19.836523,open,0.5,-5.090000000000005
-5.05,85,19.892693,open,0.5,-5.050000000000003
-5.07,87,19.950544,open,0.5,-5.070000000000001
-4.87,87,20.008163,closed,0.5,-4.870000000000003
-4.99,79,20.060587,open,0.5,-4.990000000000003
-5.11,91,20.120973,open,0.5,-5.110000000000004
-5.05,83,20.177863,open,0.5,-5.0500000000000025
-4.83,83,20.234101,closed,0.5,-4.830000000000003
-4.91,91,20.295152,closed,0.5,-4.910000000000003
-4.97,77,20.347119,open,0.5,-4.970000000000003
-5.01,81,20.401146,open,0.5,-5.0100000000000025
-4.85,85,20.458065,closed,0.5,-4.850000000000001
-5.01,81,20.511891,open,0.5,-5.0100000000000025
-4.85,85,20.568521,closed,0.5,-4.850000000000002
-5.01,81,20.622484,open,0.5,-5.010000000000003
-4.81,81,20.676956,closed,0.5,-4.810000000000002
-5.05,85,20.734126,open,0.5,-5.050000000000004
-5.09,89,20.79345,open,0.5,-5.090000000000002
-4.89,87,20.851768,closed,0.5,-4.8900000000000015
-4.99,79,20.904865,open,0.5,-4.990000000000003
-5.09,89,20.964125,open,0.5,-5.0900000000000025
-4.87,87,21.021707,closed,0.5,-4.870000000000002
-4.85,85,21.077967,closed,0.5,-4.850000000000002
-4.87,87,21.135404,closed,0.5,-4.870000000000002
-5.11,89,21.194518,open,0.5,-5.110000000000005
-4.85,85,21.250834,closed,0.5,-4.850000000000002
-4.89,89,21.646899,closed,0.5,-4.8900000000000015
-5.07,87,21.706848,open,0.5,-5.070000000000002
-4.83,83,21.762286,closed,0.5,-4.830000000000001
-4.81,81,21.81653,closed,0.5,-4.810000000000002
-5.01,81,21.873923,open,0.5,-5.010000000000004
-4.83,83,21.935884,closed,0.5,-4.830000000000002
-5.07,87,21.995449,open,0.5,-5.070000000000004
-4.89,89,22.054811,closed,0.5,-4.8900000000000015
-4.87,87,22.113323,closed,0.5,-4.870000000000003
-5.05,85,22.170688,open,0.5,-5.050000000000002
-5.11,89,22.230147,open,0.5,-5.110000000000004
-4.87,87,22.288383,closed,0.5,-4.870000000000002
-4.89,89,22.348386,closed,0.5,-4.890000000000002
-4.85,85,22.405673,closed,0.5,-4.850000000000002
-5.01,81,22.460103,open,0.5,-5.0100000000000025
-5.07,87,22.523499,open,0.5,-5.070000000000003
-5.07,87,22.58488,open,0.5,-5.070000000000005
-5.11,91,22.645293,open,0.5,-5.110000000000001
-4.81,81,22.699159,closed,0.5,-4.810000000000001
-5.05,85,22.755675,open,0.5,-5.050000000000003
-5.11,91,22.816381,open,0.5,-5.110000000000004
-4.83,83,22.871696,closed,0.5,-4.830000000000002
-5.13,93,22.933369,open,0.5,-5.1300000000000034
-4.79,79,22.986647,closed,0.5,-4.790000000000003
-4.85,83,23.042062,closed,0.5,-4.850000000000003
-5.03,81,23.096232,open,0.5,-5.030000000000003
-4.91,89,23.158638,closed,0.5,-4.910000000000002
-4.83,83,23.21548,closed,0.5,-4.830000000000002
-4.81,81,23.273433,closed,0.5,-4.810000000000003
-5.07,85,23.335715,open,0.5,-5.070000000000004
-4.99,79,23.393984,open,0.5,-4.990000000000002
